tag,year,rank,posts
2024,2025,1,3000000
2025,2025,2,2000000
valentinesday,2025,3,1000000
squidgame,2025,4,1000000
songkran2025,2025,5,1000000
mlbballstar,2025,6,978000
newyear,2025,7,686000
gemini,2025,8,682000
fathersday,2025,9,577000
semanasanta,2025,10,466000
ronaldo,2025,11,452000
happynewyear,2025,12,399000
vietnam,2025,13,393000
4thofjuly,2025,14,387000
squidgame2,2025,15,379000
diadelpadre2025,2025,16,374000
demo,2025,17,367000
diadelniño,2025,18,361000
giaiphongmiennam,2025,19,320000
tiktokban,2025,20,291000
投稿でゲット,2025,21,287000
squidgamenetflix,2025,22,278000
diadelpadre,2025,23,277000
easter,2025,24,273000
30thang4,2025,25,270000
squidgame3,2025,26,250000
snow,2025,27,244000
happyeaster,2025,28,240000
phillies,2025,29,233000
jhoanduran,2025,30,230000
sportsnews,2025,31,228000
mlbtradedeadline,2025,32,228000
новыйгод,2025,33,227000
netflix,2025,34,226000
baseballupdates,2025,35,226000
may,2025,36,224000
timnasindonesia,2025,37,220000
war,2025,38,219000
dpr,2025,39,209000
happyfathersday,2025,40,205000
taehyung,2025,41,204000
july,2025,42,203000
carnaval,2025,43,201000
stecu,2025,44,200000
ตรุษจีน,2025,45,196000
championsleague,2025,46,196000
cristianoronaldo,2025,47,194000
mpls,2025,48,193000
añonuevo,2025,49,193000
tiktokshoplabordaysale,2025,50,191000
creatorsearchinsight,2025,51,174000
superbowl,2025,52,166000
pubgmxtransformers,2025,53,164000
mansbestfriend,2025,54,163000
superman,2025,55,157000
liverpool,2025,56,157000
50namgiaiphongmiennnam🇻🇳,2025,57,157000
createforchange,2025,58,156000
vietnamtoiyeu,2025,59,151000
fourthofjuly,2025,60,150000
hypic,2025,61,149000
sabrinacarpenter,2025,62,146000
kpopdemonhunters,2025,63,146000
billieeilish,2025,64,144000
mundialdeclubes,2025,65,141000
squidgameedit,2025,66,138000
capcutpioneer,2025,67,135000
grammys,2025,68,133000
premierleague,2025,69,128000
thanos,2025,70,127000
ww3,2025,71,124000
eljuegodelcalamar,2025,72,122000
mayo,2025,73,121000
laborday,2025,74,120000
felizdiadelpadre,2025,75,119000
goodfriday,2025,76,115000
chelsea,2025,77,115000
anxiety,2025,78,114000
tiktokshopmemorialday,2025,79,113000
altafulla,2025,80,113000
netflixseries,2025,81,112000
2024recap,2025,82,112000
goodbye2024,2025,83,108000
namjoon,2025,84,101000
школа,2025,85,100000
rednote,2025,86,98000
snowday,2025,87,97000
newyears,2025,88,97000
indonesia🇮🇩,2025,89,97000
elonmusk,2025,90,97000
tiktokcreatorsearchinsightsincentive,2025,91,96000
liverewards,2025,92,94000
tết,2025,93,92000
protest,2025,94,91000
nokings,2025,95,90000
222,2025,96,89000
demodpr,2025,97,88000
aprildump,2025,98,87000
squidgameseason3,2025,99,84000
ice,2025,100,84000
houston,2025,101,84000
psg,2025,102,83000
independenceday,2025,103,83000
recap,2025,104,82000
mlbbgoldenmonth,2025,105,82000
copadelrey,2025,106,82000
labordayweekend,2025,107,81000
عيد_سعيد,2025,108,80000
май,2025,109,79000
summersongs,2025,110,79000
springsale,2025,111,79000
456,2025,112,78000
joyuri,2025,113,77000
lindamujer,2025,114,75000
raphinha,2025,115,74000
squidgames,2025,116,72000
2021,2025,117,72000
loveisland,2025,118,71000
floresamarillas,2025,119,71000
artfight,2025,120,71000
한국,2025,121,70000
swat,2025,122,69000
holyweek,2025,123,69000
galatasaray,2025,124,69000
gihun,2025,125,67000
guerra,2025,126,66000
fluminense,2025,127,66000
이혼,2025,128,65000
생활,2025,129,65000
игравкальмара,2025,130,64000
springtok,2025,131,64000
springbreak,2025,132,64000
squidgames2,2025,133,63000
miversionia,2025,134,63000
koreanmarriageagencymg,2025,135,63000
2k26,2025,136,63000
0205,2025,137,63000
recap2024,2025,138,62000
paidpartnership,2025,139,62000
bye2024,2025,140,61000
kendricklamar,2025,141,60000
juegodelcalamar,2025,142,60000
chinesenewyear,2025,143,60000
selenagomez,2025,144,59000
ojol,2025,145,59000
jungwon,2025,146,59000
eagles,2025,147,59000
عيد_الاضحى,2025,148,58000
shootergame,2025,149,58000
krishna,2025,150,58000
junedump,2025,151,58000
huda,2025,152,58000
matching,2025,153,57000
liloandstitch,2025,154,57000
gorilla,2025,155,57000
destinyrising,2025,156,57000
semanasanta2025,2025,157,56000
melissagate,2025,158,56000
domingo,2025,159,56000
artfight2025,2025,160,56000
timnasday,2025,161,55000
laliga,2025,162,55000
thunderbolts,2025,163,54000
diadelasmadres,2025,164,54000
001,2025,165,54000
skate,2025,166,53000
player222,2025,167,53000
dwts,2025,168,53000
radhakrishna,2025,169,52000
holyairball,2025,170,52000
beele,2025,171,52000
bahrain,2025,172,52000
vexbolts,2025,173,51000
beautycam,2025,174,51000
travisscott,2025,175,49000
colepalmer,2025,176,49000
grammys2025,2025,177,48000
season3,2025,178,47000
onyxstorm,2025,179,47000
inter,2025,180,47000
catholic,2025,181,47000
videoelectro,2025,182,46000
timnas,2025,183,46000
player456,2025,184,46000
palmer,2025,185,46000
louisiana,2025,186,46000
fenerbahçe,2025,187,46000
beyonce,2025,188,46000
prada,2025,189,45000
nfldraft,2025,190,45000
fdt,2025,191,45000
blackpink,2025,192,45000
benfica,2025,193,45000
amayapapaya,2025,194,45000
tiktokshoploveatfirstfind,2025,195,44000
shيرين_بيوتي,2025,196,44000
reyesmagos,2025,197,44000
felizsanvalentin,2025,198,44000
shiningnikki,2025,199,43000
الحج,2025,200,42000
player230,2025,201,42000
hoco,2025,202,42000
galentinesday,2025,203,42000
krishnajanmashtamispecial,2025,204,41000
squidgameseason2,2025,205,40000
lamarjackson,2025,206,40000
junhee,2025,207,40000
jandel,2025,208,40000
huntrix,2025,209,40000
ban,2025,210,40000
super,2025,211,39000
hermes,2025,212,39000
ginger,2025,213,39000
frontman,2025,214,39000
chiefs,2025,215,38000
230,2025,216,38000
wplace,2025,217,37000
weakheroclass2,2025,218,37000
weakheroclass1,2025,219,37000
mermaid,2025,220,37000
inmigrantes,2025,221,37000
fourthwing,2025,222,37000
14juillet,2025,223,37000
sline,2025,224,36000
mayday,2025,225,36000
due,2025,226,36000
yacht,2025,227,35000
cowboycartertour,2025,228,35000
happysunday,2025,229,34000
bocajuniors,2025,230,34000
tadc,2025,231,33000
sherinsbeauty,2025,232,33000
putin,2025,233,33000
nba2k26,2025,234,33000
houstontx,2025,235,33000
elclasico,2025,236,33000
chucmungnammoi,2025,237,33000
astroworld,2025,238,33000
8марта,2025,239,33000
عشر_ذي_الحجة,2025,240,32000
пасха,2025,241,32000
viernessanto,2025,242,32000
sundayfunday,2025,243,32000
newseason,2025,244,32000
mai,2025,245,32000
100menvs1gorrila,2025,246,32000
مسلسلات_رمضان,2025,247,31000
wendyortiz,2025,248,31000
rajab,2025,249,31000
newmonth,2025,250,31000
kickoff,2025,251,31000
hajj,2025,252,31000
straw,2025,253,30000
nokingsinamerica,2025,254,30000
ladygaga,2025,255,30000
karinagarciaoficiall,2025,256,30000
juniorh,2025,257,30000
intermilan,2025,258,30000
parisfashionweek,2025,259,29000
nodal,2025,260,29000
labourday,2025,261,29000
giftok,2025,262,29000
galentines,2025,263,29000
dancingwiththestars,2025,264,29000
cazzu,2025,265,29000
wrestlemania,2025,266,28000
vesak,2025,267,28000
sololeveling,2025,268,28000
nicknames,2025,269,28000
immigration,2025,270,28000
coryxkenshin,2025,271,28000
cny,2025,272,28000
billie,2025,273,28000
shakeittothemax,2025,274,27000
oleromeny,2025,275,27000
lunarnewyear,2025,276,27000
footballlsback,2025,277,27000
easteregg,2025,278,27000
boca,2025,279,27000
війна,2025,280,26000
большиеглаза,2025,281,26000
womenintheir30s,2025,282,26000
skintok,2025,283,26000
mondaymotivation,2025,284,26000
manutd,2025,285,26000
liloystitch,2025,286,26000
lastdayofschool,2025,287,26000
iphone16,2025,288,26000
grammy,2025,289,26000
glastonbury,2025,290,26000
deadlineworldtour,2025,291,26000
1demayo,2025,292,26000
يوم_عرفة,2025,293,25000
rebeccayarros,2025,294,25000
nbahighlights,2025,295,25000
intermiami,2025,296,25000
howtotrainyourdragon,2025,297,25000
holi,2025,298,25000
firstofthemonth,2025,299,25000
bilqis,2025,300,25000
ayutingting,2025,301,25000
ashwednesday,2025,302,25000
21deseptiembre,2025,303,25000
vivamexico,2025,304,24000
savetiktok,2025,305,24000
nbafinals,2025,306,24000
lent,2025,307,24000
kanyewest,2025,308,24000
ironflame,2025,309,24000
duterte,2025,310,24000
chelseafc,2025,311,24000
catlife,2025,312,24000
124,2025,313,24000
nunomendes,2025,314,23000
nbadraft,2025,315,23000
kingvon,2025,316,23000
jummamubarak,2025,317,23000
hajj2025,2025,318,23000
devilmaycry,2025,319,23000
bigfoot,2025,320,23000
ucl,2025,321,22000
superbowlsunday,2025,322,22000
parkjihoon,2025,323,22000
mechabreak,2025,324,22000
joegoldberg,2025,325,22000
eiduladha,2025,326,22000
chelley,2025,327,22000
buddha,2025,328,22000
جمعة_مباركة,2025,329,21000
янтоплес,2025,330,21000
viratkohli,2025,331,21000
homecoming,2025,332,21000
davido,2025,333,21000
الشامي,2025,334,20000
wakeup,2025,335,20000
tylerperry,2025,336,20000
towerdefense,2025,337,20000
staycation,2025,338,20000
pascua,2025,339,20000
jeremiah,2025,340,20000
catholictiktok,2025,341,20000
angelaaguilar,2025,342,20000
aliceinborderland,2025,343,20000
паска,2025,344,19000
wonwoo,2025,345,19000
vacationmode,2025,346,19000
trumpsupporters,2025,347,19000
philadelphiaeagles,2025,348,19000
neworleans,2025,349,19000
liveincentiveprogram,2025,350,19000
lakers,2025,351,19000
kpopdemonhunter,2025,352,19000
happychinesenewyear,2025,353,19000
graduated,2025,354,19000
fullmoon,2025,355,19000
flowstate,2025,356,19000
easterbunny,2025,357,19000
easterbasket,2025,358,19000
coachella,2025,359,19000
cara,2025,360,19000
realbetis,2025,361,18000
nokingsday,2025,362,18000
nicowilliams,2025,363,18000
neonguts,2025,364,18000
jikook,2025,365,18000
hudaloveisland,2025,366,18000
holyfknairball,2025,367,18000
dallascowboys,2025,368,18000
weakhero,2025,369,17000
viñadelmar,2025,370,17000
ufc319,2025,371,17000
tribu,2025,372,17000
suho,2025,373,17000
skate4,2025,374,17000
modric,2025,375,17000
memorialday,2025,376,17000
facup,2025,377,17000
универноваяобщага,2025,378,16000
великдень,2025,379,16000
tiktokremixcontest,2025,380,16000
tehran,2025,381,16000
tears,2025,382,16000
repo,2025,383,16000
ohiostate,2025,384,16000
nagitaslavina,2025,385,16000
meteorgarden,2025,386,16000
lukamodric,2025,387,16000
konsermusik,2025,388,16000
komentarnetizen,2025,389,16000
idaho,2025,390,16000
htx,2025,391,16000
halalan2025,2025,392,16000
felizdiadelniño,2025,393,16000
deportation,2025,394,16000
conferenceleague,2025,395,16000
byetiktok,2025,396,16000
bennyblanco,2025,397,16000
bailalorocky,2025,398,16000
antony,2025,399,16000
28,2025,400,16000
smtown,2025,401,15000
sieun,2025,402,15000
may1st,2025,403,15000
malachibarton,2025,404,15000
kansascitychiefs,2025,405,15000
floresamarillas🌻,2025,406,15000
doechii,2025,407,15000
cowboycarter,2025,408,15000
catsofinstagram,2025,409,15000
دكتور,2025,410,14000
pbb,2025,411,14000
mylifewiththewalterboys,2025,412,14000
jet2holiday,2025,413,14000
hmhas,2025,414,14000
georgiamiller,2025,415,14000
dante,2025,416,14000
chappellroan,2025,417,14000
beabadoobee,2025,418,14000
banned,2025,419,14000
adolescence,2025,420,14000
війнавукраїні,2025,421,13000
xiaohongshu,2025,422,13000
wendy,2025,423,13000
versace,2025,424,13000
veo3,2025,425,13000
thewizardliz,2025,426,13000
tgif,2025,427,13000
superbowl2025,2025,428,13000
suave,2025,429,13000
starterpack,2025,430,13000
shedeursanders,2025,431,13000
riptiktok,2025,432,13000
redbullgivesyouwings,2025,433,13000
paquitaladelbarrio,2025,434,13000
microwave,2025,435,13000
kimseonho,2025,436,13000
khamzatchimaev,2025,437,13000
hoshi,2025,438,13000
goodbyetiktok,2025,439,13000
glorilla,2025,440,13000
elon,2025,441,13000
careme,2025,442,13000
ancelotti,2025,443,13000
xabialonso,2025,444,12000
primeday,2025,445,12000
nbaallstar,2025,446,12000
miercoles,2025,447,12000
madleen,2025,448,12000
lunes,2025,449,12000
houstonsnow,2025,450,12000
godforbid,2025,451,12000
fernanfloo,2025,452,12000
dmc,2025,453,12000
amazonprime,2025,454,12000
allstar,2025,455,12000
aib,2025,456,12000
weakheroclass,2025,457,11000
thesummeriturnedpretty,2025,458,11000
thesummerhikarudied,2025,459,11000
semifinal,2025,460,11000
santosfc,2025,461,11000
pacers,2025,462,11000
lilo,2025,463,11000
kimsoohyun,2025,464,11000
imsohungry,2025,465,11000
georgeharris,2025,466,11000
dutertelangmalakas👊,2025,467,11000
deepseek,2025,468,11000
cult,2025,469,11000
covid,2025,470,11000
congress,2025,471,11000
chinesenewyear2025,2025,472,11000
baileinolvidable,2025,473,11000
austinmcbroom,2025,474,11000
8thgrade,2025,475,11000
新年快乐,2025,476,10000
الشامي_alshami,2025,477,10000
каникулы,2025,478,10000
myfaultlondon,2025,479,10000
liampayne,2025,480,10000
lastday,2025,481,10000
katseye,2025,482,10000
jueves10,2025,483,10000
johnpork,2025,484,10000
haiti,2025,485,10000
gretathunberg,2025,486,10000
daredevil,2025,487,10000
catdad,2025,488,10000
alixearle,2025,489,10000
масленица,2025,490,9000
деласудебные,2025,491,9000
untalfredo,2025,492,9000
tsitp,2025,493,9000
texassnow,2025,494,9000
sugaronmytongue,2025,495,9000
snbp,2025,496,9000
oscars2025,2025,497,9000
nascar,2025,498,9000
mandarin,2025,499,9000
jueves,2025,500,9000
grammy2025,2025,501,9000
europaleague,2025,502,9000
dorisjocelyn,2025,503,9000
bradpitt,2025,504,9000
betis,2025,505,9000
baddiesafrica,2025,506,9000
acefamily,2025,507,9000
worldcup,2025,508,8000
snl,2025,509,8000
sagawards,2025,510,8000
masters,2025,511,8000
martes,2025,512,8000
lukadoncic,2025,513,8000
joaopedro,2025,514,8000
gamehighlights,2025,515,8000
g7,2025,516,8000
daredevilbornagain,2025,517,8000
cuaresma,2025,518,8000
cfb26,2025,519,8000
catmeme,2025,520,8000
ballondor,2025,521,8000
amithedrama,2025,522,8000
worldcupqualifiers,2025,523,7000
travishunter,2025,524,7000
tonyawards,2025,525,7000
spinosaurus,2025,526,7000
snbp2025,2025,527,7000
slomw,2025,528,7000
prrd,2025,529,7000
presidentsday,2025,530,7000
oktoberfest,2025,531,7000
nickleister,2025,532,7000
missionnoor,2025,533,7000
minecraftmovie,2025,534,7000
messiontiktok,2025,535,7000
lupitavillalobos,2025,536,7000
lambertoquintero,2025,537,7000
intags,2025,538,7000
ilovecats,2025,539,7000
grammyawards,2025,540,7000
finale,2025,541,7000
celeste,2025,542,7000
briolsen,2025,543,7000
tyresehaliburton,2025,544,6000
trent,2025,545,6000
timcheese,2025,546,6000
texasfloods,2025,547,6000
tataydigong,2025,548,6000
princessandthepea,2025,549,6000
pongal,2025,550,6000
mondaymood,2025,551,6000
miercolesdeceniza,2025,552,6000
melaniatrump,2025,553,6000
luxurywatch,2025,554,6000
loveislandfinale,2025,555,6000
leaguescup2025,2025,556,6000
icebucketchallenge,2025,557,6000
hungergames,2025,558,6000
daytona500,2025,559,6000
catherinepaiz,2025,560,6000
baddiesmidwest,2025,561,6000
allegations,2025,562,6000
28deenero,2025,563,6000
wizardliz,2025,564,5000
trentalexanderarnold,2025,565,5000
sonheungmin,2025,566,5000
michou,2025,567,5000
kimsaeron,2025,568,5000
gnarly,2025,569,5000
epstein,2025,570,5000
cory,2025,571,5000
calvinklein,2025,572,5000
watchcollector,2025,573,4000
thehungergames,2025,574,4000
messaicam,2025,575,4000
cleopatratrend,2025,576,4000
bestcatsclub,2025,577,4000
arisu,2025,578,4000
amayaandbryan,2025,579,4000
whitneyleavitt,2025,580,3000
saturdaynightlive,2025,581,3000
paquita,2025,582,3000
footballls,2025,583,3000
ashtonhall,2025,584,3000
sunriseonthereaping,2025,585,2000
iheartradio,2025,586,2000
christmas,2024,1,3000000
2024,2024,2,3000000
songkran2025,2024,3,2000000
2025,2024,4,2000000
valentinesday,2024,5,1000000
squidgame,2024,6,1000000
realmeph,2024,7,1000000
navidad,2024,8,1000000
merrychristmas,2024,9,996000
diademuertos,2024,10,956000
recuerdame,2024,11,699000
newyear,2024,12,686000
natal,2024,13,673000
feliznavidad,2024,14,670000
bangladesh,2024,15,664000
bangladesh🇧🇩,2024,16,647000
promoguncang1010,2024,17,528000
creatorsearchinsights,2024,18,518000
rosie,2024,19,513000
messi,2024,20,489000
argentina,2024,21,468000
novemberdump,2024,22,446000
aidangallagher,2024,23,430000
reflection,2024,24,424000
gravityfallsbill,2024,25,422000
klaushargreeves,2024,26,421000
kingvon,2024,27,420000
borderlands,2024,28,420000
five,2024,29,418000
fordpines,2024,30,416000
colombia,2024,31,416000
starbandz,2024,32,412000
madness,2024,33,412000
cucumbersalad,2024,34,410000
dragonforce,2024,35,409000
dailyprayer,2024,36,406000
winbigsamlbb,2024,37,404000
therizzler,2024,38,404000
happynewyear,2024,39,399000
christmas2024,2024,40,389000
squidgame2,2024,41,379000
stecu,2024,42,366000
mobilelegendsbangbang,2024,43,366000
copaamerica,2024,44,362000
promoguncang88,2024,45,325000
capcutfamília,2024,46,318000
teamwork,2024,47,317000
wibgajian,2024,48,313000
familia,2024,49,311000
novelshort,2024,50,300000
biscoitocut,2024,51,299000
tiktokban,2024,52,291000
สงกรานต์,2024,53,290000
jjdaycapcut,2024,54,283000
diadascriancas,2024,55,277000
trump,2024,56,267000
december,2024,57,266000
chatgpt,2024,58,256000
colleenhoover,2024,59,254000
bookofbill,2024,60,254000
saopaulo,2024,61,252000
blakelively,2024,62,252000
บ้ายบายมิถุนา,2024,63,251000
bamarush,2024,64,250000
itendswithusmovie,2024,65,249000
theumbrellaacademy,2024,66,246000
rush,2024,67,246000
xmas,2024,68,244000
snow,2024,69,244000
dipper,2024,70,243000
d23,2024,71,243000
squidgamenetflix,2024,72,242000
breakdance,2024,73,241000
argentina🇦🇷,2024,74,241000
vietnam,2024,75,240000
fivehargreeves,2024,76,236000
tua,2024,77,235000
rushtok,2024,78,235000
justinbaldoni,2024,79,234000
adiosnoviembre,2024,80,228000
новыйгод,2024,81,227000
vote,2024,82,226000
jjcapcut,2024,83,226000
timnasindonesia,2024,84,220000
diadelasmadres,2024,85,215000
feliz,2024,86,212000
giaiphongmiennam,2024,87,207000
muharram,2024,88,204000
carnaval,2024,89,201000
billieeilish,2024,90,199000
ตรุษจีน,2024,91,196000
championsleague,2024,92,196000
diciembre,2024,93,193000
añonuevo,2024,94,193000
зима,2024,95,188000
tiktokawardsvn,2024,96,186000
christmastiktok,2024,97,184000
tiktoklive,2024,98,183000
aifilter,2024,99,177000
محرم,2024,100,173000
paidpartnership,2024,101,172000
trump2024🇺🇸,2024,102,170000
14august,2024,103,168000
santa,2024,104,167000
insideout,2024,105,167000
ياحسين,2024,106,166000
superbowl,2024,107,166000
pti,2024,108,164000
honkaistarrail,2024,109,164000
coachella,2024,110,163000
diadelniño,2024,111,161000
beetlejuice,2024,112,160000
liveincentiveprogram,2024,113,158000
manchesterunited,2024,114,157000
liverpool,2024,115,157000
createforchange,2024,116,156000
insideout2,2024,117,155000
copaamerica2024,2024,118,155000
pdiddy,2024,119,154000
สวัสดีเดือนกรกฎาคม,2024,120,153000
livehighlights,2024,121,144000
diddy,2024,122,143000
12rabi_ul_awal,2024,123,141000
محرم_عاشوراء,2024,124,139000
squidgameedit,2024,125,138000
thanksgiving,2024,126,137000
castorice,2024,127,137000
juicewrld,2024,128,136000
election2024,2024,129,136000
sky,2024,130,135000
happyholidays,2024,131,135000
trungthu2024,2024,132,134000
wwe,2024,133,133000
grammys,2024,134,133000
copadelrey,2024,135,129000
thanos,2024,136,127000
milan,2024,137,127000
jimin,2024,138,127000
kamala,2024,139,124000
whitnevhouston,2024,140,123000
student,2024,141,123000
merrychristmas🎄,2024,142,120000
olimpiadas,2024,143,119000
harianak,2024,144,119000
deltaforce,2024,145,119000
006,2024,146,118000
pti_zindabad,2024,147,116000
election,2024,148,115000
morena,2024,149,114000
anxiety,2024,150,114000
darthvader,2024,151,113000
anaxa,2024,152,113000
maga,2024,153,112000
2024recap,2024,154,112000
sorry,2024,155,111000
miercoles,2024,156,110000
familytime,2024,157,110000
starwars,2024,158,108000
letuankhang,2024,159,108000
hussain,2024,160,108000
goodbye2024,2024,161,108000
trump2024,2024,162,107000
wicked,2024,163,106000
upcoming,2024,164,106000
lionking,2024,165,106000
blackfridaysale,2024,166,106000
วันแม่,2024,167,105000
аудиторынаиви,2024,168,105000
mufasa,2024,169,105000
appleevent,2024,170,105000
adiosjunio,2024,171,105000
hocoproposal,2024,172,104000
hocodress,2024,173,104000
drake,2024,174,104000
dashain,2024,175,104000
indonesia🇮🇩,2024,176,103000
t20worldcup,2024,177,102000
sabrinacarpenter,2024,178,100000
prom,2024,179,99000
rednote,2024,180,98000
nikocado,2024,181,98000
fallout,2024,182,98000
snowday,2024,183,97000
newyears,2024,184,97000
kamalaharris,2024,185,97000
elonmusk,2024,186,97000
canguro,2024,187,96000
حمص,2024,188,92000
tết,2024,189,92000
moot,2024,190,92000
bootcamp,2024,191,92000
deltaforcemobile,2024,192,91000
tiktokshopcybermonday,2024,193,89000
mbappe,2024,194,86000
donaldtrump,2024,195,86000
حلب,2024,196,85000
yahussain,2024,197,85000
massfollowing,2024,198,85000
voteblue2024💙,2024,199,84000
houston,2024,200,84000
psg,2024,201,83000
womeninmalefields,2024,202,82000
recap,2024,203,82000
mlbbgoldenmonth,2024,204,82000
عاشوراء,2024,205,81000
papa,2024,206,81000
mot,2024,207,81000
feliznavidad🎄,2024,208,81000
عيد_سعيد,2024,209,80000
genx,2024,210,80000
пасха,2024,211,79000
springsale,2024,212,79000
junedump,2024,213,79000
happydashain,2024,214,78000
joyuri,2024,215,77000
newyear2025,2024,216,75000
moonmusic,2024,217,75000
merry,2024,218,75000
kamalaharris2024🇺🇸💙,2024,219,75000
diadelosmuertos,2024,220,75000
wrestlemania,2024,221,74000
raphinha,2024,222,74000
morenacanela,2024,223,74000
biden,2024,224,74000
culpatuya,2024,225,73000
worldcup,2024,226,72000
tiktokshopblackfriday,2024,227,72000
squidgames,2024,228,72000
kendricklamar,2024,229,72000
iafiltro,2024,230,72000
catholic,2024,231,72000
2021,2024,232,72000
한국,2024,233,70000
galatasaray,2024,234,69000
pleasepleaseplease,2024,235,68000
moi,2024,236,68000
leomessi,2024,237,67000
catolicos,2024,238,67000
วันแม่แห่งชาติ,2024,239,66000
manchestercity,2024,240,66000
jummamubarak,2024,241,66000
debate,2024,242,66000
dashainvibes,2024,243,66000
이혼,2024,244,65000
생활,2024,245,65000
shopmaster,2024,246,65000
namjoon,2024,247,65000
ekspresikan2024,2024,248,65000
tiktokshopbacktoschool,2024,249,64000
springtok,2024,250,64000
springbreak,2024,251,64000
karolg,2024,252,64000
ice,2024,253,64000
игравкальмара,2024,254,63000
squidgames2,2024,255,63000
netflixseries,2024,256,63000
miversionia,2024,257,63000
koreanmarriageagencymg,2024,258,63000
0205,2024,259,63000
recap2024,2024,260,62000
jank,2024,261,62000
hariayah,2024,262,62000
t20worldcup2024,2024,263,61000
halloweenmakeup,2024,264,61000
coachella2025,2024,265,61000
bye2024,2024,266,61000
weakheroclass2,2024,267,60000
moana,2024,268,60000
chinesenewyear,2024,269,60000
دمشق,2024,270,59000
selenagomez,2024,271,59000
jungwon,2024,272,59000
eagles,2024,273,59000
jhope,2024,274,58000
ادلب,2024,275,57000
papafrancisco,2024,276,57000
clubamerica,2024,277,57000
nfldraft,2024,278,56000
domingo,2024,279,56000
timnasday,2024,280,55000
ilove,2024,281,55000
michaelkeaton,2024,282,54000
456,2024,283,54000
harris,2024,284,53000
001,2024,285,53000
bahrain,2024,286,52000
vexbolts,2024,287,51000
beautycam,2024,288,51000
uruguay,2024,289,50000
psl,2024,290,50000
miprincesa,2024,291,50000
bellingham,2024,292,50000
ayah,2024,293,50000
ta,2024,294,49000
republican,2024,295,49000
meperdientusojos,2024,296,49000
haul,2024,297,49000
coqueta,2024,298,49000
weakheroclass1,2024,299,48000
nct,2024,300,48000
melaniemartinez,2024,301,48000
grammys2025,2024,302,48000
beyonce,2024,303,48000
onyxstorm,2024,304,47000
messi_king,2024,305,47000
marvelrivals,2024,306,47000
firstdayofschool,2024,307,47000
eldenring,2024,308,47000
elclasico,2024,309,47000
videoelectro,2024,310,46000
timnas,2024,311,46000
nam,2024,312,46000
louisiana,2024,313,46000
justinbieber,2024,314,46000
fenerbahçe,2024,315,46000
whenthephonerings,2024,316,45000
van,2024,317,45000
prada,2024,318,45000
culpamia,2024,319,45000
benfica,2024,320,45000
tkentertainment,2024,321,44000
tiktokshoploveatfirstfind,2024,322,44000
reyesmagos,2024,323,44000
felizsanvalentin,2024,324,44000
drones,2024,325,44000
nochebuena,2024,326,43000
foreveryoung,2024,327,43000
пм,2024,328,42000
skintok,2024,329,42000
player230,2024,330,42000
galentinesday,2024,331,42000
filtroia,2024,332,42000
dimaria,2024,333,42000
نارين_بيوتي,2024,334,41000
kendrick,2024,335,41000
diademuertosmexico,2024,336,41000
cricketworldcup,2024,337,41000
claudiasheimbaum,2024,338,41000
2k25,2024,339,41000
voteblue,2024,340,40000
squidgameseason2,2024,341,40000
helluvaboss,2024,342,40000
ban,2024,343,40000
wrestlemania41,2024,344,39000
tiktokshopsummersale,2024,345,39000
super,2024,346,39000
parkjimin,2024,347,39000
noteheolvidado,2024,348,39000
maythe4thbewithyou,2024,349,39000
ho,2024,350,39000
hermes,2024,351,39000
frontman,2024,352,39000
finalcall,2024,353,39000
an,2024,354,39000
streetfashion,2024,355,38000
president,2024,356,38000
giftguide,2024,357,38000
facup,2024,358,38000
cincodemayo,2024,359,38000
chiefs,2024,360,38000
230,2024,361,38000
zyxbca,2024,362,37000
teammar,2024,363,37000
inmigrantes,2024,364,37000
fourthwing,2024,365,37000
fotosia,2024,366,37000
icebucketchallenge,2024,367,36000
electionday,2024,368,36000
due,2024,369,36000
cnn,2024,370,36000
درعا,2024,371,35000
субстанция,2024,372,35000
pakvsind,2024,373,35000
ogfortnite,2024,374,35000
gameday,2024,375,35000
dashain_special,2024,376,35000
ثورة,2024,377,34000
mu,2024,378,34000
ligamx,2024,379,34000
happysunday,2024,380,34000
divorced,2024,381,34000
الثورة_مستمرة,2024,382,33000
prom2024,2024,383,33000
juegodelcalamar,2024,384,33000
houstontx,2024,385,33000
cuu,2024,386,33000
coco,2024,387,33000
chucmungnammoi,2024,388,33000
campeones,2024,389,33000
8марта,2024,390,33000
tlou,2024,391,32000
thelastofus2,2024,392,32000
sundayfunday,2024,393,32000
lionelmessi,2024,394,32000
genxtiktokers,2024,395,32000
easter,2024,396,32000
diadelosabuelos,2024,397,32000
deadpool,2024,398,32000
911,2024,399,32000
4thofjuly,2024,400,32000
مسلسلات_رمضان,2024,401,31000
rajab,2024,402,31000
nyfw,2024,403,31000
homicipher,2024,404,31000
elfontheshelf,2024,405,31000
beetlejuicebeetlejuice,2024,406,31000
streaks,2024,407,30000
smartschoolboy9,2024,408,30000
senioryear,2024,409,30000
parkjihoon,2024,410,30000
menendezbrothers,2024,411,30000
ladygaga,2024,412,30000
juniorh,2024,413,30000
ifondo,2024,414,30000
filtrosnoopy,2024,415,30000
chivas,2024,416,30000
beetlejuice2,2024,417,30000
parisfashionweek,2024,418,29000
notmyproblem,2024,419,29000
joegoldberg,2024,420,29000
galentines,2024,421,29000
dresstoimpress,2024,422,29000
ادلب_حمص_حلب_شام_درعا_حماة,2024,423,28000
uruguay🇺🇾,2024,424,28000
sololeveling,2024,425,28000
sabado,2024,426,28000
protest,2024,427,28000
popefrancis,2024,428,28000
muzan,2024,429,28000
manutd,2024,430,28000
hoco,2024,431,28000
friendsgiving,2024,432,28000
communityfest,2024,433,28000
cny,2024,434,28000
cleotrapa,2024,435,28000
billie,2024,436,28000
youngsheldon,2024,437,27000
shopwithme,2024,438,27000
premier,2024,439,27000
oleromeny,2024,440,27000
messi10,2024,441,27000
lunarnewyear,2024,442,27000
immigration,2024,443,27000
galeria,2024,444,27000
dayofthedead,2024,445,27000
asmrtriggers,2024,446,27000
війна,2024,447,26000
womenintheir30s,2024,448,26000
tgif,2024,449,26000
taekook,2024,450,26000
snoopdogg,2024,451,26000
shakira,2024,452,26000
pesopluma,2024,453,26000
ofrenda,2024,454,26000
marselinoferdinan,2024,455,26000
grammy,2024,456,26000
govote,2024,457,26000
canelo,2024,458,26000
arathdelatorre,2024,459,26000
الشام,2024,460,25000
thuyhuong,2024,461,25000
rebeccayarros,2024,462,25000
pope,2024,463,25000
olympics,2024,464,25000
metgala,2024,465,25000
johncena,2024,466,25000
joebiden,2024,467,25000
holi,2024,468,25000
bardella,2024,469,25000
ashwednesday,2024,470,25000
папич,2024,471,24000
weakhero,2024,472,24000
vivamexico,2024,473,24000
tazodorado,2024,474,24000
symphony,2024,475,24000
savetiktok,2024,476,24000
nct127,2024,477,24000
natlan,2024,478,24000
mondaymotivation,2024,479,24000
lent,2024,480,24000
kanyewest,2024,481,24000
july,2024,482,24000
ironflame,2024,483,24000
inktober,2024,484,24000
horrorstory,2024,485,24000
hawktuah,2024,486,24000
elliewilliams,2024,487,24000
duterte,2024,488,24000
dti,2024,489,24000
catlife,2024,490,24000
ucl,2024,491,23000
tricampeon,2024,492,23000
sidemen,2024,493,23000
powder,2024,494,23000
paris2024,2024,495,23000
noticiafalsa,2024,496,23000
fnl,2024,497,23000
devilmaycry,2024,498,23000
christmasparty,2024,499,23000
chapter2,2024,500,23000
canguros,2024,501,23000
campeon,2024,502,23000
aprildump,2024,503,23000
altardemuertos,2024,504,23000
паска,2024,505,22000
superbowlsunday,2024,506,22000
sheknows,2024,507,22000
senior,2024,508,22000
mrcrawling,2024,509,22000
maxverstappen,2024,510,22000
glinda,2024,511,22000
ekko,2024,512,22000
berryavenueroblox,2024,513,22000
aprobadoporchayanne,2024,514,22000
2denoviembre,2024,515,22000
حلب_الشهباء,2024,516,21000
tradiciones,2024,517,21000
suho,2024,518,21000
sieun,2024,519,21000
noah,2024,520,21000
monaco,2024,521,21000
mensmentalhealth,2024,522,21000
memorialdayweekend,2024,523,21000
memorialday,2024,524,21000
lewishamilton,2024,525,21000
lalisa,2024,526,21000
inside,2024,527,21000
hierarchy,2024,528,21000
fireworks,2024,529,21000
charlesleclerc,2024,530,21000
argentinacampeon,2024,531,21000
جمعة_مباركة,2024,532,20000
الشامي,2024,533,20000
waliullahsahibzada,2024,534,20000
vaticano,2024,535,20000
usc,2024,536,20000
staycation,2024,537,20000
squadbusters,2024,538,20000
slovakia,2024,539,20000
rebecaandrade,2024,540,20000
karimepindter,2024,541,20000
jojosbizarreadventure,2024,542,20000
joelmiller,2024,543,20000
ikbal,2024,544,20000
hobi,2024,545,20000
elphaba,2024,546,20000
culpables,2024,547,20000
chillguy,2024,548,20000
catholictiktok,2024,549,20000
amlo,2024,550,20000
wonwoo,2024,551,19000
wolverine,2024,552,19000
vacationmode,2024,553,19000
trumpsupporters,2024,554,19000
philadelphiaeagles,2024,555,19000
nicolewallace,2024,556,19000
neworleans,2024,557,19000
lisablackpink,2024,558,19000
libertad,2024,559,19000
homelander,2024,560,19000
happychinesenewyear,2024,561,19000
greysanatomy,2024,562,19000
gracieabrams,2024,563,19000
filtrocartoon,2024,564,19000
diddyparty,2024,565,19000
christmashaul,2024,566,19000
cara,2024,567,19000
youknowme,2024,568,18000
womeninmaledominatingfields,2024,569,18000
wickedmovie,2024,570,18000
weakheroclass,2024,571,18000
toxictilltheend,2024,572,18000
shedeursanders,2024,573,18000
rafecameron,2024,574,18000
landonorris,2024,575,18000
julionalvarez,2024,576,18000
jo,2024,577,18000
jjmaybank,2024,578,18000
intermiami,2024,579,18000
hearmeout,2024,580,18000
gabrielguevara,2024,581,18000
viñadelmar,2024,582,17000
tribu,2024,583,17000
starwarsday,2024,584,17000
sparkingzero,2024,585,17000
satorugojo,2024,586,17000
puffdaddy,2024,587,17000
narinsbeauty,2024,588,17000
milton,2024,589,17000
maythe4th,2024,590,17000
mariacorinamachado,2024,591,17000
kylianmbappé,2024,592,17000
heredero,2024,593,17000
crybaby,2024,594,17000
alnassr,2024,595,17000
adinross,2024,596,17000
2man,2024,597,17000
универноваяобщага,2024,598,16000
декабрь,2024,599,16000
бокс,2024,600,16000
xochitlgalvez,2024,601,16000
taeil,2024,602,16000
stockmarket,2024,603,16000
repo,2024,604,16000
ohiostate,2024,605,16000
muzankibutsuji,2024,606,16000
miketyson,2024,607,16000
meteorgarden,2024,608,16000
lofi,2024,609,16000
jayz,2024,610,16000
imsohungry,2024,611,16000
htx,2024,612,16000
genxcrew,2024,613,16000
diadelhombre,2024,614,16000
deportation,2024,615,16000
byetiktok,2024,616,16000
bennyblanco,2024,617,16000
bailalorocky,2024,618,16000
antony,2024,619,16000
abuelo,2024,620,16000
28,2024,621,16000
推し,2024,622,15000
snowfall,2024,623,15000
rema,2024,624,15000
presidentialdebate,2024,625,15000
nobara,2024,626,15000
nfp,2024,627,15000
neverforget,2024,628,15000
mizukiakiyama,2024,629,15000
macklemore,2024,630,15000
lunes,2024,631,15000
lorealparis,2024,632,15000
kansascitychiefs,2024,633,15000
jeonghan,2024,634,15000
inktober2024,2024,635,15000
garfield,2024,636,15000
fortniteog,2024,637,15000
doechii,2024,638,15000
dodgers,2024,639,15000
cowboycarter,2024,640,15000
catsofinstagram,2024,641,15000
aguilasdelamerica,2024,642,15000
دكتور,2024,643,14000
ufc303,2024,644,14000
tstheerastour,2024,645,14000
thesummeriturnedpretty,2024,646,14000
terrifier,2024,647,14000
pbb,2024,648,14000
muichiro,2024,649,14000
monsters,2024,650,14000
may4th,2024,651,14000
kinich,2024,652,14000
indvspak,2024,653,14000
hmhas,2024,654,14000
goretober,2024,655,14000
fullmoon,2024,656,14000
erikmenendez,2024,657,14000
deadpoolandwolverine,2024,658,14000
dante,2024,659,14000
chappellroan,2024,660,14000
breakdancing,2024,661,14000
beabadoobee,2024,662,14000
banned,2024,663,14000
adolescence,2024,664,14000
війнавукраїні,2024,665,13000
yanblock,2024,666,13000
xiaohongshu,2024,667,13000
wuwa,2024,668,13000
versace,2024,669,13000
vatican,2024,670,13000
unexpected,2024,671,13000
superbowl2025,2024,672,13000
starwarsfan,2024,673,13000
starterpack,2024,674,13000
silverstone,2024,675,13000
sarahcameron,2024,676,13000
rollingloud,2024,677,13000
riptiktok,2024,678,13000
richardrios,2024,679,13000
redbullgivesyouwings,2024,680,13000
pushpa2,2024,681,13000
paquitaladelbarrio,2024,682,13000
nouvelleecole,2024,683,13000
momcozybra,2024,684,13000
microwave,2024,685,13000
martes,2024,686,13000
lasvegasgp,2024,687,13000
kane,2024,688,13000
icespice,2024,689,13000
goodbyetiktok,2024,690,13000
glorilla,2024,691,13000
garnacho,2024,692,13000
endrick,2024,693,13000
elon,2024,694,13000
diadelnovio,2024,695,13000
careme,2024,696,13000
bakugoukatsuki,2024,697,13000
anakinskywalker,2024,698,13000
abuelita,2024,699,13000
🦘,2024,700,12000
tsitp,2024,701,12000
thesecretofus,2024,702,12000
terrifier3,2024,703,12000
nbaallstar,2024,704,12000
monacogp,2024,705,12000
lylemenendez,2024,706,12000
ios18,2024,707,12000
houstonsnow,2024,708,12000
godforbid,2024,709,12000
futbolmexicano,2024,710,12000
facupfinal,2024,711,12000
dragonballdaima,2024,712,12000
dmc,2024,713,12000
demure,2024,714,12000
chivasdelguadalajara,2024,715,12000
allstar,2024,716,12000
4t,2024,717,12000
شيرين_بيوتي,2024,718,11000
venom,2024,719,11000
venezuelalibre,2024,720,11000
usyk,2024,721,11000
timwalz,2024,722,11000
theamazingdigitalcircus,2024,723,11000
shadowoftheerdtree,2024,724,11000
santosfc,2024,725,11000
queenoftearskdrama,2024,726,11000
presidente,2024,727,11000
paulwalker,2024,728,11000
marcelluswilliams,2024,729,11000
manunited,2024,730,11000
lille,2024,731,11000
lautaromartinez,2024,732,11000
kimsoohyun,2024,733,11000
jdvance,2024,734,11000
georgeharris,2024,735,11000
fortniteremix,2024,736,11000
ekkoarcane,2024,737,11000
dutertelangmalakas👊,2024,738,11000
dragonballsparkingzero,2024,739,11000
deepseek,2024,740,11000
debate2024,2024,741,11000
cynthiaerivo,2024,742,11000
covid,2024,743,11000
congress,2024,744,11000
clubamerica🦅💛💙,2024,745,11000
chinesenewyear2025,2024,746,11000
baileinolvidable,2024,747,11000
alexpereira,2024,748,11000
新年快乐,2024,749,10000
الشامي_alshami,2024,750,10000
tysonfury,2024,751,10000
rcb,2024,752,10000
rayados,2024,753,10000
prom24,2024,754,10000
nicholaschavez,2024,755,10000
nicholasalexanderchavez,2024,756,10000
nasdas,2024,757,10000
myfaultlondon,2024,758,10000
mrplankton,2024,759,10000
maytheforcebewithyou,2024,760,10000
jueves10,2024,761,10000
johnpork,2024,762,10000
hurricane,2024,763,10000
dtr,2024,764,10000
doremi,2024,765,10000
defyinggravity,2024,766,10000
deadpool3,2024,767,10000
daredevil,2024,768,10000
cosanuestra,2024,769,10000
centralcee,2024,770,10000
catdad,2024,771,10000
britishgp,2024,772,10000
بيسان_اسماعيل,2024,773,9000
масленица,2024,774,9000
деласудебные,2024,775,9000
vmas,2024,776,9000
untalfredo,2024,777,9000
travishunter,2024,778,9000
tokito,2024,779,9000
texassnow,2024,780,9000
tenten,2024,781,9000
sundayvibes,2024,782,9000
steelballrun,2024,783,9000
snbp,2024,784,9000
portals,2024,785,9000
oscars2025,2024,786,9000
nikocadoavocado,2024,787,9000
nascar,2024,788,9000
mufc,2024,789,9000
mondaymood,2024,790,9000
mizu5,2024,791,9000
maxtonhall,2024,792,9000
mandarin,2024,793,9000
laspalmas,2024,794,9000
jun,2024,795,9000
jueves,2024,796,9000
jamesrodriguez,2024,797,9000
grammy2025,2024,798,9000
europaleague,2024,799,9000
bradpitt,2024,800,9000
18may💚🤍❤️,2024,801,9000
xilonen,2024,802,8000
valverde,2024,803,8000
totaldramaisland,2024,804,8000
states,2024,805,8000
snl,2024,806,8000
sagawards,2024,807,8000
ryanreynolds,2024,808,8000
riots,2024,809,8000
presidentialelection,2024,810,8000
memorabilia,2024,811,8000
melanie,2024,812,8000
masters,2024,813,8000
lukadoncic,2024,814,8000
loveisland,2024,815,8000
jeyuso,2024,816,8000
jayce,2024,817,8000
jakepaul,2024,818,8000
g20,2024,819,8000
fury,2024,820,8000
edc,2024,821,8000
daredevilbornagain,2024,822,8000
cuaresma,2024,823,8000
catmeme,2024,824,8000
amlovers,2024,825,8000
небо,2024,826,7000
youngmiko,2024,827,7000
worldcupqualifiers,2024,828,7000
thickofit,2024,829,7000
steelers,2024,830,7000
snbp2025,2024,831,7000
prrd,2024,832,7000
presidentsday,2024,833,7000
presidenta,2024,834,7000
perfectpitchchallenge,2024,835,7000
perfectpitch,2024,836,7000
nickleister,2024,837,7000
minecraftmovie,2024,838,7000
lifeisstrange,2024,839,7000
lambertoquintero,2024,840,7000
intags,2024,841,7000
ilovecats,2024,842,7000
grammyawards,2024,843,7000
georgecooper,2024,844,7000
farrukopop,2024,845,7000
exodo,2024,846,7000
cruzazul,2024,847,7000
claudiasheinbaum,2024,848,7000
byebyebye,2024,849,7000
briolsen,2024,850,7000
бишимбаев,2024,851,6000
tropicalstorm,2024,852,6000
trent,2024,853,6000
timcheese,2024,854,6000
tataydigong,2024,855,6000
supernova,2024,856,6000
sundayreset,2024,857,6000
shortnsweettour,2024,858,6000
september112001,2024,859,6000
september11,2024,860,6000
raygun,2024,861,6000
pongal,2024,862,6000
noahlyles,2024,863,6000
miercolesdeceniza,2024,864,6000
melaniatrump,2024,865,6000
mainoo,2024,866,6000
luxurywatch,2024,867,6000
jeuxolympiques,2024,868,6000
hungergames,2024,869,6000
daytona500,2024,870,6000
claudia,2024,871,6000
baddiesmidwest,2024,872,6000
baddiescaribbean,2024,873,6000
astonvilla,2024,874,6000
28deenero,2024,875,6000
trentalexanderarnold,2024,876,5000
sanemi,2024,877,5000
nationalbestfriendsday,2024,878,5000
michou,2024,879,5000
kimsaeron,2024,880,5000
jo2024,2024,881,5000
darkmoon,2024,882,5000
calvinklein,2024,883,5000
birdsofafeather,2024,884,5000
bestfriendday,2024,885,5000
belinda,2024,886,5000
watchcollector,2024,887,4000
vpdebate,2024,888,4000
unsentproject,2024,889,4000
thehungergames,2024,890,4000
obanai,2024,891,4000
howtotrainyourdragon,2024,892,4000
bestcatsclub,2024,893,4000
saturdaynightlive,2024,894,3000
sanemishinazugawa,2024,895,3000
paquita,2024,896,3000
oscarpiastri,2024,897,3000
olympics2024,2024,898,3000
lacasadeyeik,2024,899,3000
juegosolimpicos,2024,900,3000
hurricanedebby,2024,901,3000
ashtonhall,2024,902,3000
amas,2024,903,3000
sunriseonthereaping,2024,904,2000
obanaiiguro,2024,905,2000
iknowwhereyoulive,2024,906,2000
iheartradio,2024,907,2000
childishgambino,2024,908,2000
letsmove,2024,909,227
2024,2023,1,2000000
feliz2024,2023,2,836000
disney100,2023,3,829000
trungthu2023,2023,4,806000
fnaf,2023,5,788000
recuerdame,2023,6,776000
serunya17an,2023,7,559000
truestory,2023,8,556000
amazingart,2023,9,525000
disney,2023,10,491000
tiktokawardsvn2023,2023,11,487000
newyear,2023,12,468000
ลอยกระทง2566,2023,13,447000
fnafmovie,2023,14,445000
fimdeano,2023,15,360000
scary_stories,2023,16,349000
tiktokvietnam,2023,17,342000
ekspresikan17an,2023,18,338000
xmas2023,2023,19,334000
tiktokdancevn,2023,20,328000
tt009net,2023,21,321000
onthisday,2023,22,306000
словопацана,2023,23,293000
serunyaindonesia,2023,24,292000
hutri78,2023,25,281000
egirl,2023,26,277000
happynewyear,2023,27,269000
ohio,2023,28,260000
scarystories,2023,29,252000
vamos,2023,30,247000
hello2024,2023,31,247000
top10,2023,32,246000
instabaddie,2023,33,244000
valorantegirl,2023,34,234000
shesbad,2023,35,234000
frizz,2023,36,234000
brookemonk,2023,37,234000
recoi,2023,38,232000
stopmotiontrend,2023,39,228000
eidmubarak,2023,40,211000
gyat,2023,41,209000
ekspresikanhariibu,2023,42,204000
17agustus,2023,43,186000
segunquien,2023,44,185000
gojo,2023,45,182000
jisoo,2023,46,172000
filumstok,2023,47,159000
algorithm,2023,48,154000
daddy,2023,49,149000
snow,2023,50,147000
barcelona,2023,51,145500
navidad,2023,52,145000
sukuna,2023,53,141000
2023recap,2023,54,140000
miversionia,2023,55,134000
insane,2023,56,131000
merdeka,2023,57,130000
yuta,2023,58,129000
minecraftbuilding,2023,59,128000
bustamove,2023,60,128000
yuji,2023,61,127000
megumi,2023,62,127000
miyoreal,2023,63,126000
зима,2023,64,124000
historiasdeterror,2023,65,122000
funnyasf,2023,66,121000
crazyasf,2023,67,120000
عيد_الاضحى,2023,68,119000
teej,2023,69,119000
teejspecial,2023,70,118000
añonuevo,2023,71,118000
12rabi_ul_awal,2023,72,115000
arraialtiktok,2023,73,111000
missuniverse,2023,74,109900
trungthu,2023,75,108000
yp,2023,76,103000
manchesterunited,2023,77,101000
milesmorales,2023,78,100000
sinoestas,2023,79,98000
latinoamerica,2023,80,98000
flowers,2023,81,96400
theboys,2023,82,96000
indonesia🇮🇩,2023,83,93000
grinch,2023,84,90000
gyatt,2023,85,89000
learnitontiktok,2023,86,88000
tiktokawardsph2023,2023,87,86000
fortnitefunny,2023,88,83000
juansguarnizo,2023,89,81000
пасха,2023,90,78000
dom,2023,91,77000
adios2023,2023,92,77000
lightwavetoearth,2023,93,76000
fotosia,2023,94,76000
wheneverwherever,2023,95,73000
saiyan,2023,96,73000
marchdump,2023,97,73000
kimtaehyung,2023,98,72000
baddie,2023,99,71000
пальто,2023,100,70000
3d,2023,101,70000
simp,2023,102,69000
rizzgod,2023,103,69000
ladiabla,2023,104,69000
disneyprincesses,2023,105,69000
supersaiyanuniverse,2023,106,68000
ogfortnite,2023,107,67000
viral_,2023,108,66000
screammovie,2023,109,66000
jummamubarak,2023,110,66000
redflags,2023,111,65000
wwe,2023,112,64000
tiktoklongs,2023,113,63000
garnacho,2023,114,63000
newyears,2023,115,61000
happyteej,2023,116,61000
coachella,2023,117,61000
dashain,2023,118,60000
blackfriday,2023,119,59000
goodbye2023,2023,120,56000
diademuertosmexico,2023,121,55000
wrizz,2023,122,53000
arcangel,2023,123,53000
17agustus2023,2023,124,53000
recap2023,2023,125,52000
teejsong,2023,126,51000
findeaño,2023,127,51000
carinleon,2023,128,51000
busevacuationdrill,2023,129,51000
snapchat,2023,130,50000
recap,2023,131,50000
happynewyear2024,2023,132,50000
fypz,2023,133,50000
bye2023,2023,134,49000
cybermonday,2023,135,48000
auronplay,2023,136,48000
คริสต์มาส2023,2023,137,47000
furina,2023,138,46000
الاهلي,2023,139,45000
og,2023,140,45000
lalala,2023,141,45000
wonka,2023,142,44000
tiktokshopblackfriday,2023,143,44000
happydashain,2023,144,44000
christmasdecor,2023,145,44000
elamordemivida,2023,146,43000
disneyplus,2023,147,43000
mario,2023,148,42000
welcome2024,2023,149,41000
moana,2023,150,39000
holadiciembre,2023,151,39000
турбо,2023,152,37000
newyear2024,2023,153,37000
rbd,2023,154,36700
rizzking,2023,155,36000
جمعة_مباركة,2023,156,35000
weargreen,2023,157,34000
rosa,2023,158,34000
happyteejeveryone,2023,159,34000
albumcover,2023,160,33300
mahito,2023,161,33000
brucedropemoff,2023,162,33000
superbowl,2023,163,32400
eagles,2023,164,32300
weargreenforpalestine,2023,165,32000
shrek,2023,166,32000
nickiminaj,2023,167,32000
happyteej❤️,2023,168,32000
gyattttt,2023,169,32000
babymonster,2023,170,31000
lethalcompany,2023,171,30000
coquette,2023,172,30000
dameamor,2023,173,29000
blackfridaysale,2023,174,29000
teaminfierno,2023,175,28000
hariibu22desember,2023,176,28000
grinchtiktok,2023,177,28000
coachella2023,2023,178,28000
dallascowboys,2023,179,27000
calvinklein,2023,180,27000
tiktokshopholidaydeals,2023,181,25000
disney100yearsofmagic,2023,182,25000
ералаш,2023,183,24000
soyunav,2023,184,24000
legofortnite,2023,185,24000
hariibu,2023,186,24000
blackfridaydeals,2023,187,24000
aigirls,2023,188,24000
xavi,2023,189,23000
scottpilgrim,2023,190,23000
novemberdump,2023,191,23000
mikryptonita,2023,192,23000
disneycards,2023,193,23000
jamorant,2023,194,22000
xmaspetstory,2023,195,21000
thehungergames,2023,196,21000
mrbeast,2023,197,21000
megustas,2023,198,21000
gta6,2023,199,21000
trolls,2023,200,20000
thegrefg,2023,201,20000
sabado,2023,202,20000
manutd,2023,203,20000
furinagenshinimpact,2023,204,20000
friendsgiving,2023,205,20000
carre,2023,206,20000
pinkfriday2,2023,207,19000
parisfashionweek,2023,208,19000
ogmap,2023,209,19000
nighthascome,2023,210,19000
myfavorite,2023,211,19000
inktober,2023,212,19000
yailinlamasviral,2023,213,18000
xdd,2023,214,18000
winterbreak,2023,215,18000
septemberdump,2023,216,18000
rivers,2023,217,18000
hellovietnam,2023,218,18000
fontaine,2023,219,18000
focalors,2023,220,18000
finalsweek,2023,221,18000
chipichipichapachapadubidubidabadaba,2023,222,18000
byoncombat,2023,223,18000
arbolitodenavidad,2023,224,18000
shortmovie,2023,225,17000
lineadelperreo,2023,226,17000
halloweenmakeup,2023,227,17000
sefue,2023,228,16000
iautocompleta,2023,229,16000
homealone,2023,230,16000
cmpunk,2023,231,16000
unreal,2023,232,15000
tiktokshopcybermonday,2023,233,15000
ick,2023,234,15000
google,2023,235,15000
bamarush,2023,236,15000
اكسبو,2023,237,14000
titanic,2023,238,14000
minions,2023,239,14000
fortnitelego,2023,240,14000
fantasmas,2023,241,14000
survivorseries,2023,242,13000
salseo,2023,243,13000
runaway,2023,244,13000
myai,2023,245,13000
mama2023,2023,246,13000
lean,2023,247,13000
inktober2023,2023,248,13000
everybody,2023,249,13000
chiefs,2023,250,13000
whistle,2023,251,12000
tgif,2023,252,12000
parispernandes,2023,253,12000
fullmoon,2023,254,12000
christmasbreak,2023,255,12000
chabelo,2023,256,12000
carti,2023,257,12000
нолик,2023,258,11000
theballadofsongbirdsandsnakes,2023,259,11000
shqipe,2023,260,11000
mondaymotivation,2023,261,11000
lyney,2023,262,11000
jackharlow,2023,263,11000
hastamorir,2023,264,11000
arcangellamaravilla,2023,265,11000
rockstargames,2023,266,10000
randyorton,2023,267,10000
goretober,2023,268,10000
everton,2023,269,10000
coraline,2023,270,10000
coquetteaesthetic,2023,271,10000
cassie,2023,272,10000
bang,2023,273,10000
baldursgate3,2023,274,10000
aiyearbook,2023,275,10000
tekashi69,2023,276,9000
miercoles,2023,277,9000
midautumnfestival,2023,278,9000
kansascity,2023,279,9000
elfontheshelf,2023,280,9000
diddy,2023,281,9000
aew,2023,282,9000
aaa,2023,283,9000
6ix9ine,2023,284,9000
snapchatai,2023,285,8000
northwest,2023,286,8000
kungfupanda,2023,287,8000
grandtheftauto,2023,288,8000
didwemakeit,2023,289,8000
credit,2023,290,8000
borutotwobluevortex,2023,291,8000
bhaitika,2023,292,8000
пальтословопацана,2023,293,7000
themarvels,2023,294,7000
semifinal,2023,295,7000
sarada,2023,296,7000
raiders,2023,297,7000
givingtuesday,2023,298,7000
capcutholiday,2023,299,7000
badgyal,2023,300,7000
wintersolstice,2023,301,6000
vultures,2023,302,6000
jakeenhypen,2023,303,6000
getxmaspet,2023,304,6000
gagcity,2023,305,6000
yailin,2023,306,5000
ufc296,2023,307,5000
tuesdayvibes,2023,308,5000
tekashi,2023,309,5000
taylorlautner,2023,310,5000
salary,2023,311,5000
mamaawards2023,2023,312,5000
mamaawards,2023,313,5000
jets,2023,314,5000
itoldyouweneededmoreglitter,2023,315,5000
ahyeon,2023,316,5000
thegameawards,2023,317,4000
tbvnks,2023,318,4000
skyfall,2023,319,4000
kungfupanda4,2023,320,4000
gtavi,2023,321,4000
goty,2023,322,4000
chargers,2023,323,4000
tailung,2023,324,3000
kenjaku,2023,325,3000
jimmybutler,2023,326,3000
gameawards,2023,327,3000
draymondgreen,2023,328,3000
madameweb,2023,329,2000
newyear,2022,1,286000
happynewyear,2022,2,253800
pele,2022,3,117700
facechange,2022,4,69200
eyes,2022,5,39500
rbd,2022,6,36700
